Company Name,Background,Product Details and Features,Unique Selling Points (USPs),Problems Solved,Opportunities for Differentiation
Paystack,"Founded in 2015, Paystack is a leading payment gateway in Nigeria.","API integration, Multi-currency support, Card payments, Bank transfers, Webhooks, Fraud detection, Recurring billing","Easy integration, robust API, reliable customer support.","Simplifies payment processing for businesses, reducing transaction failures.",Enhance transaction monitoring and analytics capabilities.
Flutterwave,"Founded in 2016, Flutterwave provides a wide range of payment solutions across Africa.","API integration, Multi-currency support, Card payments, Bank transfers, Mobile payments, Fraud detection, Global network","Extensive reach, multi-currency support, seamless integration.","Facilitates cross-border transactions, reduces payment complexities.",Develop advanced transaction monitoring and analytics capabilities.
Interswitch,"Established in 2002, Interswitch is a major player in the Nigerian fintech space.","Transaction switching, EFT processing, ATM/POS integration, Online payments, Inter-bank settlement, Secure transactions","Wide range of services, strong market presence, reliability.","Addresses the need for a unified payment system, reduces transaction failures.",Focus on user-friendly interfaces and enhanced customer support.
Remita,"Founded in 2005, Remita offers payment solutions for individuals and businesses.","API integration, Multi-channel payments, Invoicing, Reconciliation, Secure transactions, Recurring billing","Comprehensive payment platform, strong market presence, reliability.","Simplifies payment processing, payroll management for businesses.",Enhance transaction monitoring and analytics capabilities.
Korapay,"Founded in 2018, Korapay provides payment solutions for businesses.","API integration, Card payments, Bank transfers, Mobile payments, Real-time tracking, Recurring billing","Easy integration, reliable services, strong customer support.","Facilitates cross-border transactions, reduces payment complexities.",Offer additional features like recurring and subscription payments.
Fincra,"Founded in 2019, Fincra offers payment solutions for businesses.","API integration, Multi-currency support, Real-time processing, Invoicing, Transaction analytics, Secure transactions","Extensive reach, seamless integration, reliable customer support.","Facilitates cross-border transactions, reduces payment complexities.",Develop advanced transaction monitoring and analytics capabilities.
DusuPay,"Founded in 2015, DusuPay provides payment solutions for businesses.","API integration, Mobile payments, Card payments, Bank transfers, Real-time tracking, Secure transactions","Easy integration, reliable services, strong customer support.","Facilitates cross-border transactions, reduces payment complexities.",Offer additional features like customizable payment links.
Squad,"Founded in 2018, Squad offers payment solutions for businesses.","API integration, Multi-currency support, Digital wallet, Real-time processing, Recurring billing, Mobile payments","Easy integration, reliable services, strong customer support.","Facilitates cross-border transactions, reduces payment complexities.",Develop advanced transaction monitoring and analytics capabilities.
VoguePay,"Founded in 2012, VoguePay offers payment solutions for businesses.","API integration, Multi-currency support, Card payments, Bank transfers, Recurring billing, Fraud detection, Secure transactions","Easy integration, reliable services, strong customer support.","Facilitates cross-border transactions, reduces payment complexities.",Offer additional features like recurring and subscription payments.
PayU,"Founded in 2002, PayU offers payment solutions for businesses.","API integration, Multi-channel payments, Fraud detection, Transaction analytics, Recurring billing, Mobile payments","Extensive reach, seamless integration, reliable customer support.","Facilitates cross-border transactions, reduces payment complexities.",Develop advanced transaction monitoring and analytics capabilities.
RexPay,"Founded in 2018, RexPay offers payment solutions for businesses.","API integration, Remittance processing, Mobile payments, Card payments, Real-time tracking, Secure transactions","Easy integration, reliable services, strong customer support.","Facilitates cross-border transactions, reduces payment complexities.",Offer additional features like customizable payment links.
Webpay,"Founded in 2015, Webpay offers payment solutions for businesses.","API integration, Multi-currency support, Card payments, Bank transfers, Fraud detection, Real-time processing","Easy integration, reliable services, strong customer support.","Facilitates cross-border transactions, reduces payment complexities.",Develop advanced transaction monitoring and analytics capabilities.
MontyPay,"Founded in 2018, MontyPay offers payment solutions for businesses.","API integration, Invoicing, Digital wallet, Multi-currency support, Recurring billing, Real-time processing, Secure transactions","Extensive reach, seamless integration, reliable customer support.","Facilitates cross-border transactions, reduces payment complexities.",Develop advanced transaction monitoring and analytics capabilities.